question_id,reference_answer,ideal_points,sample_good_answer,sample_weak_answer
1,"I am a final-year Data Science student passionate about machine learning, data analysis, and software development. Throughout my academic journey, I have completed practical projects involving NLP, statistical modeling, and database engineering. I enjoy solving real-world analytical problems and continuously learning new technologies.","Background summary, academic degree, core technical strengths, relevant practical projects, enthusiasm for role","I am a final-year B.Sc. Data Science student. I have developed strong foundations in Python, machine learning, and SQL through hands-on academic projects like building an interview feedback analyzer. I am excited to apply my analytical and development skills in a collaborative professional environment.","I like computers and I am currently studying. That is about it."
2,"My greatest strength is my structured analytical problem-solving and eagerness to learn new tools quickly. For example, during team projects, I enjoy breaking down complex requirements into deliverable milestones. My area for improvement is that I sometimes spend too much time perfecting minor details, but I manage this by setting strict time limits and focusing on high-impact deliverables first.","Self-awareness, specific strength with example, genuine weakness, proactive mitigation strategy","One of my biggest strengths is my persistence in debugging complex data pipelines and learning new libraries independently. A weakness I have recognized is difficulty delegating tasks in group assignments, but recently I have actively practiced dividing tasks and communicating clearly with peers.","I work hard and I don't really have any weaknesses."
3,"In a recent group project, team members disagreed on whether to use SQLite or PostgreSQL for our backend. I scheduled a quick meeting where each person shared their perspective. We evaluated our timeline, hosting constraints, and requirements, and collaboratively agreed that SQLite was optimal for our MVP. This maintained team morale and kept our project on schedule.","Situation context, conflict identified, calm communication, collaborative resolution, positive outcome","When my teammate and I disagreed on the choice of model, we sat down, compared benchmark accuracies and inference times on our dataset, and objectively chose the model that best balanced speed and accuracy.","Someone in my team was arguing so I just ignored them and did the work myself."
4,"In five years, I aim to have deepened my expertise as a Data Scientist and Machine Learning practitioner. I see myself taking on greater ownership of end-to-end AI systems, mentoring junior team members, and contributing to high-impact data-driven solutions that drive business and societal value.","Long-term technical growth, increasing responsibility or leadership, continuous learning, alignment with industry","In five years, I see myself as an experienced data scientist capable of architecting and deploying robust ML models in production. I want to continue learning advanced NLP and generative AI while contributing significantly to project architecture.","I don't know, maybe have a high salary."
5,"You should hire me because I combine solid theoretical foundations in data science with hands-on development experience in Python, SQL, and NLP. I am a disciplined self-starter who adapts quickly to new tools and collaborates effectively in team settings to deliver measurable results.","Core competence match, problem-solving mindset, fast learning capability, cultural contribution","You should hire me because I bring strong hands-on problem-solving skills in Python and machine learning, coupled with high motivation and adaptability. I am eager to hit the ground running and add immediate value to your team.","Because I really need a job right now."
6,"When facing multiple deadlines, I first assess each task's urgency and business impact using an Eisenhower matrix. I break large deliverables into prioritized checklists, communicate transparently with stakeholders about progress, and maintain focused execution blocks without multitasking.","Prioritization framework, stakeholder communication, organization, stress management","I list all tasks, evaluate dependencies and due dates, prioritize the most critical deliverables, and establish dedicated time slots. If timelines are constrained, I proactively communicate with my mentor or lead to manage expectations.","I just panic and do whatever is in front of me."
7,"During an earlier project, I accidentally pushed an unoptimized data preprocessing function that caused memory bottlenecks. As soon as I identified the issue, I took full responsibility, reverted the commit, profiled the code, and optimized it using vectorized Pandas operations. This taught me the vital importance of rigorous unit testing and profiling before deployment.","Ownership and honesty, immediate remedial action, root-cause analysis, key learning gained","When I misinterpreted a requirement in an assignment, I immediately informed my team leader, took responsibility, and worked extra hours to rewrite the data transformation module to meet the exact specification.","I made a mistake once but it wasn't really my fault because the instructions were bad."
8,"I am motivated by the tangible impact of turning raw, messy data into actionable insights and intelligent systems that solve real human challenges. I also find deep satisfaction in continuous learning—mastering a difficult algorithm or debugging a tricky problem fuels my curiosity and drive.","Curiosity, problem-solving fulfillment, tangible impact, passion for technology","What motivates me most is seeing the direct impact of my work—such as optimizing an NLP pipeline that makes interview preparation accessible to students. Solving challenging technical puzzles keeps me energized every day.","Money and going home on time."
9,"When I needed to integrate a local speech-to-text engine into our project, I had to learn faster-whisper and audio handling within three days. I read the documentation, built small prototype scripts to test transcription accuracy and latency, and consulted community examples. Through targeted experimentation, I successfully integrated the module ahead of deadline.","Methodical learning approach, consulting documentation, prototyping, overcoming obstacles, successful outcome","When tasked with deploying a model using Streamlit, which I had never used before, I spent an afternoon reviewing documentation and building demo widgets. Within two days, I built an interactive dashboard that the team successfully adopted.","I just googled it and copied code from stack overflow until it worked."
10,"I view constructive feedback as the most reliable catalyst for professional growth. When receiving criticism, I listen actively without becoming defensive, ask clarifying questions to understand the underlying issue, and formulate an action plan to address the gap. For example, after feedback on code documentation, I adopted standard docstring formatting across all modules.","Receptive attitude, active listening, non-defensiveness, concrete action plan, tangible improvement","I appreciate feedback because it highlights blind spots I might have missed. When a teammate pointed out that my SQL queries were not properly indexed, I thanked them, researched query optimization, and benchmarked execution times to improve performance.","I usually get annoyed because I know my work is fine, but I do what they say anyway."
11,"In my college capstone project, our goal was to build an automated interview evaluation system. My primary responsibility was developing the NLP analysis and scoring pipeline. The main challenge was ensuring scoring was fully explainable and deterministic rather than relying solely on black-box LLMs. I engineered a composite scoring algorithm balancing TF-IDF relevance, speaking rate, and grammar indicators.","Project context, individual role and responsibility, specific technical challenge, solution, quantifiable result","I built an end-to-end data pipeline that processed customer churn data. My contribution was engineering behavioral features from transaction logs and training an XGBoost classifier, which achieved an 84% ROC-AUC score and provided feature importance rankings for stakeholders.","I worked on a team project where everyone did some work, and we submitted it on time."
12,"When project requirements shift unexpectedly, I remain calm and focus on evaluating the delta between existing progress and new objectives. In agile environments, change is natural. I regroup with the team to re-estimate tasks, update our backlog, and ensure all dependencies are aligned before coding.","Composure, agile mindset, gap analysis, backlog reprioritization, open communication","When our project scope was changed to support offline execution instead of cloud APIs, I quickly audited our architecture, replaced external endpoints with local lightweight models, and documented the resource trade-offs for the team.","I get frustrated when managers can't make up their mind, but I just start over."
13,"During our lab coursework, I noticed that students frequently encountered path resolution and dependency conflicts when setting up Python environments on different operating systems. Without being prompted, I authored a comprehensive setup script with automated environment checks and shared a troubleshooting guide, reducing setup delays for the entire class.","Proactive observation, initiative taken, self-driven execution, measurable benefit to others","I observed that our team was repeatedly writing boilerplate database connection code across multiple files, so I took the initiative over the weekend to write a centralized database helper module with connection pooling and error handling.","I only do what I am assigned to do, nothing extra."
14,"Under pressure or near critical deadlines, I maintain composure by grounding myself in a structured action plan. I break the immediate challenge into granular 30-minute focus intervals, eliminate distractions, and focus strictly on one task at a time. I also take short 2-minute breathers to maintain mental clarity and prevent burnout.","Composure, task decomposition, time-boxing, mental clarity techniques, maintaining perspective","When our server failed right before a class presentation, I stayed calm, systematically checked the log files, isolated the port conflict, and resolved it within ten minutes while keeping my teammates informed.","I usually drink a lot of coffee, panic, and pull an all-nighter."
15,"I am looking for an environment that fosters continuous learning, transparent communication, and merit-based mentorship. My ideal workplace is one where innovation is encouraged, teammates support each other through code reviews and knowledge sharing, and data-driven solutions solve meaningful problems.","Growth mindset, values alignment, desire for mentorship, collaborative culture, purposeful impact","I look for a work environment that values curiosity, technical rigor, and open collaboration. I thrive in teams where knowledge sharing is encouraged and where I have opportunities to take ownership of impactful projects.","I just want a relaxed place with good perks and high pay."
16,"To explain complex concepts to non-technical stakeholders, I avoid jargon and rely on intuitive analogies, visual diagrams, and business outcomes. For instance, when explaining overfitting to business peers, I compared it to a student memorizing exam questions by heart rather than understanding concepts, which makes them fail when unfamiliar questions appear.","Jargon-free communication, relatable analogies, visual aids, focus on business impact and intuition","When explaining TF-IDF to a non-technical manager, I explained it as a smart highlighter that ignores common words like 'the' and only highlights rare, distinctive words that tell you what a specific document is uniquely about.","I just showed them the mathematical formula and told them it's complicated."
17,"Effective cross-functional collaboration begins with establishing common objectives and speaking a shared vocabulary. I make an effort to understand the priorities and constraints of other disciplines—such as designers or product managers—communicate transparently about technical trade-offs, and maintain up-to-date documentation.","Empathy for diverse roles, shared goals, transparent communication of trade-offs, clear documentation","I ensure collaboration by setting up regular syncs, defining clear input/output interfaces, and aligning on mutual deliverables early. This prevents misunderstandings and ensures data models align with frontend requirements.","I focus on my code and let the other teams do their own thing."
18,"When instructions are ambiguous, I never make blind assumptions. I first document my understanding of the problem along with possible interpretations, propose a recommended approach, and proactively schedule a brief checkpoint with the instructor or project lead to validate expectations before investing significant development time.","Avoiding assumptions, documenting understanding, proposing solutions, proactive clarification","When asked to 'improve model performance' without specified metrics, I analyzed the business objective, proposed optimizing Recall due to the high cost of false negatives, and verified this alignment with the project supervisor before proceeding.","I guessed what they wanted and hoped for the best."
19,"My proudest academic achievement was conceiving and building an AI-assisted interview feedback application from scratch. Seeing the system successfully process spoken responses, compute transparent linguistic scores in real time, and provide actionable feedback that helped my classmates prepare for campus placements was immensely rewarding.","Pride in craftsmanship, end-to-end technical execution, resilience through challenges, real-world utility","My greatest achievement was winning second place in a regional data science hackathon where my team built an automated predictive maintenance model for IoT sensor data under a strict 24-hour time constraint.","Passing all my exams without getting a backlog."
20,"I value a balanced approach. I enjoy working independently during the deep research and implementation phases where focus and self-discipline are critical. However, I thrive most in collaborative team environments where diverse perspectives, peer code reviews, and collective brainstorming produce superior architectural decisions.","Balanced perspective, self-starter independence, appreciation of team synergy, collaborative value","I can work independently with high autonomy and accountability, but I prefer team settings because brainstorming with colleagues and receiving constructive code reviews consistently elevates project quality.","I hate group work because other people are slow, so I only work alone."
21,"Supervised learning trains algorithms on labeled datasets where each input has a corresponding known target, used for tasks like classification and regression. Unsupervised learning analyzes unlabeled datasets without predefined targets to discover hidden patterns, groupings, or structures, such as in clustering and dimensionality reduction.","Labeled vs unlabeled data, presence of target variable, task examples (classification vs clustering), algorithm examples","In supervised learning, the model is trained on labeled input-output pairs to learn a mapping function, such as predicting house prices with regression. In unsupervised learning, data is unlabeled and the algorithm identifies intrinsic patterns or groupings, such as customer segmentation with K-Means.","One has supervision and the other does not have supervision."
22,"Overfitting occurs when a machine learning model learns the training data too closely, including its noise and random fluctuations, leading to high training accuracy but poor generalization on unseen test data. It can be prevented using techniques such as L1/L2 regularization, cross-validation, simplifying model complexity, pruning decision trees, using dropout in neural networks, or gathering more training data.","Definition of overfitting (memorizing noise), symptom (low train error, high test error), prevention techniques (regularization, cross-validation, pruning)","Overfitting happens when a model fits the training set too well and fails to generalize to unseen data. We can prevent it using cross-validation, L1/L2 regularization, early stopping, pruning, and reducing feature dimensionality.","Overfitting means the model is too big and it fails."
23,"In Python, a list is mutable, defined using square brackets, and allows modification of its elements. A tuple is immutable, defined using parentheses, and cannot be modified after creation. Because of immutability, tuples are typically faster, consume less memory, and can be used as dictionary keys.","Mutability vs immutability, syntax differences ([] vs ()), performance and memory differences, hashability","Lists are mutable sequences created with square brackets, meaning you can append, delete, or modify items. Tuples are immutable sequences created with parentheses whose elements cannot be altered after assignment, offering memory efficiency and hashability.","A list has brackets and a tuple has parentheses."
24,"The WHERE clause is used to filter individual rows before any grouping or aggregation takes place. The HAVING clause is used to filter aggregated data or groups produced by the GROUP BY clause and can include aggregate functions like COUNT, SUM, or AVG.","Row-level vs group-level filtering, execution order (WHERE before GROUP BY, HAVING after), usage with aggregate functions","WHERE filters individual rows before aggregation and cannot take aggregate functions, whereas HAVING filters groups after the GROUP BY clause and is used with aggregate functions such as SUM or COUNT.","WHERE is for conditions and HAVING is also for conditions."
25,"TF-IDF stands for Term Frequency-Inverse Document Frequency. It evaluates the relative importance of a word in a specific document within a collection. Term Frequency measures how often a word appears in a document, while Inverse Document Frequency downweights common words that appear across many documents, highlighting distinctive, informative keywords.","Formula/concept (TF * IDF), downweighting common words, identifying distinct keywords, text vectorization","TF-IDF reflects how important a word is to a document in a corpus. It multiplies Term Frequency by Inverse Document Frequency to diminish the weight of universally frequent words like 'the' while boosting domain-specific keywords.","It turns words into numbers so the computer understands."
26,"The bias-variance tradeoff describes the conflict between two sources of error in supervised learning. Bias error comes from overly simplistic assumptions (leading to underfitting), while variance error comes from excessive sensitivity to small fluctuations in the training data (leading to overfitting). The goal is to find an optimal model complexity that minimizes the total expected error.","Definition of bias (underfitting), definition of variance (overfitting), tradeoff concept, minimizing total test error","Bias is error from erroneous assumptions in the model leading to underfitting, while variance is error from sensitivity to fluctuations in the training set leading to overfitting. The tradeoff involves balancing model complexity to minimize generalization error.","Bias is bad and variance is also bad."
27,"A Confusion Matrix is a tabular summary of prediction results on a classification problem. It compares actual values with predicted values, showing True Positives, True Negatives, False Positives, and False Negatives. From it, key evaluation metrics such as Accuracy, Precision, Recall, Specificity, and the F1-Score are calculated.","Four quadrants (TP, FP, TN, FN), definitions, derived metrics (Accuracy, Precision, Recall, F1-Score)","A confusion matrix summarizes classification predictions against ground truth using TP, FP, TN, and FN. From these counts, we calculate metrics like Precision (exactness), Recall (completeness), and F1-Score (harmonic mean).","It is a matrix that confuses the data."
28,"A Primary Key uniquely identifies each record in a database table and cannot contain null values. A Foreign Key is a column or set of columns in one table that references the Primary Key of another table, establishing a relationship between the two tables and enforcing referential integrity.","Uniqueness of primary key, non-null constraint, foreign key linking to primary key, referential integrity","A primary key uniquely identifies a row in a table and cannot be null. A foreign key references the primary key of another table to maintain referential integrity and establish relational associations between records.","Keys are used to open databases."
29,"Object-Oriented Programming is a programming paradigm based on the concept of objects containing data and methods. Its four foundational pillars are Encapsulation (bundling data and methods, restricting direct access), Abstraction (hiding internal implementation details), Inheritance (deriving new classes from existing ones to reuse code), and Polymorphism (allowing entities to take multiple forms).","Four pillars clearly named and defined: Encapsulation, Abstraction, Inheritance, Polymorphism","OOP organizes software design around data or objects. Its four pillars are Encapsulation (data hiding), Abstraction (simplifying interface), Inheritance (code reuse across hierarchies), and Polymorphism (uniform interfaces for different underlying forms).","It uses classes and objects."
30,"Handling missing values involves first inspecting the percentage and mechanism of missingness (MCAR, MAR, MNAR). For numerical variables, common strategies include mean, median, or KNN imputation. For categorical data, mode or constant imputation is common. If a column or row has excessive missing values, dropping it using dropna may be appropriate.","Inspecting missingness, statistical imputation (mean/median/mode), advanced imputation (KNN/regression), deletion considerations","I first explore missing data distribution using visual tools and summaries. Depending on the scenario, I use median imputation for skewed numerical features, mode for categorical variables, or advanced techniques like KNN imputer, avoiding dropping data unless missingness exceeds an acceptable threshold.","I just delete rows with missing values."
31,"Bagging (Bootstrap Aggregating) trains multiple base learners in parallel on bootstrap subsets of the dataset and averages their predictions to reduce variance, as seen in Random Forests. Boosting trains base learners sequentially, where each new learner focuses on correcting errors made by previous learners to reduce bias, as seen in AdaBoost and XGBoost.","Parallel vs sequential training, variance reduction vs bias reduction, algorithm examples (Random Forest vs Gradient Boosting)","Bagging builds multiple independent models in parallel on bootstrap samples to reduce model variance, exemplified by Random Forest. Boosting builds models sequentially, weighting misclassified instances to reduce bias and enhance predictive power.","Bagging puts things in bags and boosting boosts the speed."
32,"Cosine Similarity measures the cosine of the angle between two non-zero vectors in a multi-dimensional space, calculated as the dot product divided by the product of their Euclidean magnitudes. It ranges from -1 to 1 (or 0 to 1 for non-negative term frequency vectors) and is widely used in NLP, information retrieval, and recommendation engines to compare document similarity irrespective of text length.","Dot product / magnitude formula, angle between vectors, length invariance, applications in NLP and recommendation systems","Cosine similarity calculates the cosine of the angle between two vectors using their dot product normalized by the product of their magnitudes. In NLP, it determines how semantically aligned two text representations are regardless of document length.","It uses trigonometry to see if vectors are close."
33,"Feature scaling normalizes the range of independent variables or features. Common techniques are Min-Max Normalization (scaling values between 0 and 1) and Standardization/Z-score (centering mean to 0 with unit variance). It is crucial for gradient-based optimization algorithms (like gradient descent) and distance-based algorithms (like KNN, SVM, K-Means) so features with larger magnitudes do not disproportionately dominate the model.","Min-Max scaling vs Standardization (Z-score), importance for distance-based and gradient-based algorithms, scale invariance","Feature scaling brings numerical features into a comparable range. For example, in algorithms using Euclidean distance like KNN or gradient descent in logistic regression, unscaled features with large ranges skew optimization trajectories and distort distance metrics.","It makes numbers smaller so computers can calculate faster."
34,"Precision is the fraction of predicted positive instances that were actually positive (True Positives divided by True Positives plus False Positives), measuring exactness. Recall is the fraction of actual positive instances that were correctly identified (True Positives divided by True Positives plus False Negatives), measuring completeness. We optimize for precision when false positives are costly (e.g., spam filtering) and recall when false negatives are critical (e.g., medical cancer diagnosis).","Precision formula (TP/(TP+FP)), Recall formula (TP/(TP+FN)), cost of false positives vs false negatives, domain examples","Precision measures how many selected items are relevant, while recall measures how many relevant items are selected. In disease detection, we prioritize high recall to avoid missing sick patients, whereas in fraud alerts, balancing both via F1-score prevents customer friction.","Precision is accuracy and recall is remembering things."
35,"A Decision Tree recursively partitions data by selecting the feature and threshold that produces the purest split. For classification trees, purity is measured using Gini Impurity or Information Gain (based on Entropy reduction). For regression trees, splits minimize Variance or Mean Squared Error (MSE). The algorithm uses a greedy top-down approach (like CART or ID3) to maximize impurity decrease at each node.","Recursive binary partitioning, Gini impurity, Entropy / Information gain, variance reduction for regression, greedy algorithm","A decision tree evaluates potential splits across all features and chooses the split that maximizes information gain or minimizes Gini impurity. This greedily segments data into increasingly homogeneous subsets until stopping criteria are reached.","It asks yes or no questions until it reaches an answer."
36,"An INNER JOIN returns only the rows that have matching values in both joined tables. A LEFT JOIN returns all rows from the left table, along with matching rows from the right table, filling with NULL values when no match exists. A FULL OUTER JOIN returns all rows when there is a match in either the left or right table, filling with NULLs on either side wherever values do not correspond.","INNER JOIN (intersection of keys), LEFT JOIN (all left + matched right), FULL OUTER JOIN (union of all rows with null padding)","INNER JOIN selects records with matching values in both tables. LEFT JOIN keeps every row from the left table regardless of matches, placing NULL in right-table fields if unmatched. FULL OUTER JOIN combines all records from both tables, with NULLs for missing relationships.","Joins just combine tables together."
37,"Cross-validation is a statistical resampling technique used to evaluate how well a machine learning model generalizes to an independent, unseen dataset. In k-fold cross-validation, the training dataset is partitioned into k equal folds; the model is trained on k-1 folds and validated on the remaining fold, repeating k times. Averaging performance across all folds provides an unbiased, reliable estimate of model performance and guards against data leakage or lucky splits.","Resampling method, partitioning into k folds, iterative training/validation, averaging evaluation metrics, reducing split variance","Cross-validation tests model generalization on unseen folds. In 5-fold cross-validation, the data is divided into five parts; each part serves once as a validation set while the model trains on the other four, giving an objective performance estimate without data leakage.","It validates code across different computers."
38,"Regular expressions (regex) are formalized sequence patterns used to match, search, extract, and manipulate strings in text. In NLP and data cleaning, regex is invaluable for stripping punctuation, isolating email addresses or phone numbers, removing HTML tags, identifying timestamps, and segmenting custom tokens like hashtags or mentions.","Pattern matching syntax, text cleaning (punctuation/HTML stripping), token extraction, Python re module","Regular expressions define search patterns for string matching. In text preprocessing, I use regex with Python's re module to remove noise such as HTML markup, normalize whitespace, extract numerical values, and clean contractions before NLP tokenization.","Regex is used to find letters in text."
39,"A shallow copy creates a new object container, but inserts references to the nested objects contained in the original. Consequently, modifications to nested mutable items affect both copies. A deep copy creates a new object and recursively duplicates all nested objects, ensuring complete memory independence between the copy and the original.","Reference copying vs recursive duplication, impact on mutable nested objects, Python copy.copy() vs copy.deepcopy()","A shallow copy constructs a new compound object and populates it with references to objects found in the original. A deep copy recursively copies all nested objects, so mutating a nested list in the duplicate does not affect the original.","Shallow is on the surface and deep is deeper in memory."
40,"Correlation measures the statistical association or co-movement between two variables, but does not imply that changes in one variable cause changes in the other. Causation implies a direct cause-and-effect relationship where one event directly produces the other. Spurious correlations frequently arise due to confounding third variables, coincidence, or reverse causality, requiring controlled experiments (A/B testing) to establish true causation.","Statistical co-movement vs causal mechanism, confounding variables, spurious correlation, establishing causation via randomized control trials","Correlation indicates that two variables fluctuate together, such as ice cream sales and sunburn rates. However, causation requires proving that one actually causes the other—in this example, warm sunny weather is the confounding cause of both. Proving causation requires controlled experimentation.","Correlation is the same as causation in big data."
